"Metric","Baseline (BF16)","Tiered Turbo KV","Target Criterion","Status"
"KV Cache 31B (128k)","14.50 GB","0.06 GB","<= 1.0 GB","PASS"
"Total Compression Ratio (128k)","1.0x","247.9x",">= 16.0x","PASS"
"Peak VRAM Footprint 31B (128k)","32.00 GB (OOM >24GB)","17.56 GB","<= 19.5 GB","PASS"
"Effective KV Bitrate","16.0 bits/elem","2.75 bits/elem","<= 3.0 bits/elem","PASS"
"FWHT Butterfly Complexity","Dense Matmul","Multiplier-Free Butterfly (Add/Sub/Shift)","Zero Multipliers","PASS"
"Eviction Latency (128k tokens)","N/A","4.46 ms","<= 10.0 ms","PASS"
"CliffCompaction Prefix Hit Rate","0% (Host Truncation Re-eval)","97.2%",">= 85.0%","PASS"
"QJL Inner Product Estimator Bias","0.0","3.30e-05","<= 1.0e-4","PASS"
"M-NIAH Needle Retrieval (128k)","100.0% (Uncompressed)","100.0%",">= 95.0%","PASS"
